Year,Entity,Application,Application-Specific Allowances Allocated from Methodology in 40 CFR 84.13 (MTEVe),"Available Allowances as of October 1, 2026 (MTEVe)",color
2027,Analog Devices,Semiconductors,14104.4,14104.4,#126cb6b3
2027,Applied Materials,Semiconductors,5819.3,5819.3,#126cb6b3
2027,Armstrong Pharmaceuticals,Propellants in MDIs,200085.6,200085.6,#9E5DC0B3
2027,AstraZeneca Pharmaceuticals,Propellants in MDIs,2677,2677,#9E5DC0B3
2027,Aurobindo Pharma USA,Propellants in MDIs,19441.8,19441.8,#9E5DC0B3
2027,Compsys,Structural Composite Preformed Polyurethane Foam,13585,13585,#eb006ab3
2027,Diodes,Semiconductors,1879.6,1879.6,#126cb6b3
2027,GlaxoSmithKline,Propellants in MDIs,351567.8,351567.8,#9E5DC0B3
2027,GlobalFoundries,Semiconductors,151208.2,151208.2,#126cb6b3
2027,Hitachi High-Tech America,Semiconductors,475.9,475.9,#126cb6b3
2027,IBM Corporation,Semiconductors,407.9,407.9,#126cb6b3
2027,Intel Corporation,Semiconductors,656440.7,656440.7,#126cb6b3
2027,Invagen Pharmaceuticals,Propellants in MDIs,624808.8,624808.8,#9E5DC0B3
2027,Jireh Semiconductor,Semiconductors,2351.8,2351.8,#126cb6b3
2027,Keysight Technologies,Semiconductors,488.8,488.8,#126cb6b3
2027,Kindeva Drug Delivery,Propellants in MDIs,1542817.3,1542817.3,#9E5DC0B3
2027,Lam Research Corp.,Semiconductors,35459.2,35459.2,#126cb6b3
2027,Lupin,Propellants in MDIs,13680.8,13680.8,#9E5DC0B3
2027,Magic Leap,Semiconductors,1434.3,1434.3,#126cb6b3
2027,Medtronic Tempe Campus,Semiconductors,177.6,177.6,#126cb6b3
2027,Microchip Technology,Semiconductors,15475,15475,#126cb6b3
2027,Micron Technology,Semiconductors,168032.3,168032.3,#126cb6b3
2027,Newport Fab DBA TowerJazz,Semiconductors,50249.8,50249.8,#126cb6b3
2027,Northrop Grumman Corporation,Semiconductors,1046.7,1046.7,#126cb6b3
2027,NXP Semiconductor,Semiconductors,44476.7,44476.7,#126cb6b3
2027,Polar Semiconductor,Semiconductors,11628.4,11628.4,#126cb6b3
2027,Qorvo Texas,Semiconductors,516.9,516.9,#126cb6b3
2027,Renesas Electronics America,Semiconductors,1409.7,1409.7,#126cb6b3
2027,Samsung Austin Semiconductor,Semiconductors,276139.7,276139.7,#126cb6b3
2027,Seagate Technologies,Semiconductors,939.9,939.9,#126cb6b3
2027,Semiconductor Components Industries DBA ON Semiconductor,Semiconductors,19332,19332,#126cb6b3
2027,SkyWater Technology,Semiconductors,30478.2,30478.2,#126cb6b3
2027,Skyworks Solutions,Semiconductors,939.8,939.8,#126cb6b3
2027,Taiwan Semiconductor Manufacturing Company Arizona Corporation (TSMC Arizona Corporation),Semiconductors,241143.5,241143.5,#126cb6b3
2027,Texas Instruments,Semiconductors,208998.1,208998.1,#126cb6b3
2027,The Research Foundation for The State University of New York at NY CREATES,Semiconductors,4502.8,4502.8,#126cb6b3
2027,Tokyo Electron U.S. Holdings,Semiconductors,1251.4,1251.4,#126cb6b3
2027,Tower Semiconductor San Antonio,Semiconductors,29214.6,29214.6,#126cb6b3
2027,TSMC Washington,Semiconductors,11814.5,11814.5,#126cb6b3
2027,Wolfspeed,Semiconductors,11456.6,9165.3,#126cb6b3
2027,X-FAB Texas,Semiconductors,1577.6,1577.6,#126cb6b3
2027,Department of Defense,Mission-critical Military End Uses,9070115.2,9070115.2,#99c750b3
