Year,Entity,Allowances Allocated from Methodology in 40 CFR 84.11 (MTEVe),"Available Allowances as of October 1, 2026 (MTEVe)"
2027,A.C.S. Reclamation & Recovery (Absolute Chiller Services),122398.2,125098.3
2027,Ability Refrigerants,122398.2,125098.3
2027,ACT Commodities,47.6,48.7
2027,Advance Auto Parts,437653.6,447308.2
2027,Advanced Specialty Gases,174697.7,178551.5
2027,AFK & Co.,118319.8,119485.6
2027,AFS Cooling,122398.2,125098.3
2027,A-Gas,2087407.3,2133455.6
2027,Air Liquide USA,305249.5,311983.3
2027,American Air Components,122398.2,123604.2
2027,Arkema,19027484.4,19447230.6
2027,Artsen,629180.6,635379.8
2027,Automart Distributors DBA Refrigerant Plus,122398.2,125098.3
2027,AutoZone Parts,1237384.9,1264681.7
2027,AW Product Sales & Marketing,74007.4,75640
2027,Bluon,20487.5,0
2027,CC Packaging,118726.2,121345.3
2027,Chemours,20985557.4,21448498.7
2027,Chemp Technology,122398.2,125098.3
2027,ChemPenn,13610.2,13910.4
2027,RGAS,2923584.1,2988078.4
2027,ComStar International,220632.8,225499.9
2027,Cross World Group,122398.2,125098.3
2027,Daikin America,1910943,1953098.4
2027,EDX Industry,351937.6,359701.3
2027,Electronic Fluorocarbons,63856,64485.1
2027,Fireside Holdings DBA American Refrigerants,122385,125084.9
2027,First Continental International,471370.9,481769.3
2027,FluoroFusion Specialty Chemicals,1562912.5,1576452.9
2027,Freskoa USA,122398.2,125098.3
2027,GlaxoSmithKline,329595,336865.9
2027,Golden Refrigerant,122398.2,125098.3
2027,Harp USA,468760.1,479101
2027,Solstice Advanced Materials US (previously Honeywell International),50422000.5,47890358.4
2027,Hudson Technologies,2061319.1,2106791.8
2027,Hungry Bear,122398.2,125098.3
2027,ICool USA,2086099.5,2132118.8
2027,IGas Holdings,15986181.2,16338836.2
2027,Iofina Chemical,774.6,791.7
2027,Kidde-Fenwal,122398.2,125098.3
2027,Lenz Sales & Distribution,679847.1,694844.6
2027,Lina Trade,122398.2,125098.3
2027,Linde,326054.4,333247.1
2027,Matheson Tri-Gas,20890.9,21351.7
2027,MEK Chemical Corporation,50835.6,51957
2027,Meraki Group,122398.2,125098.3
2027,Metalcraft,98530.5,100704.1
2027,Mexichem Fluor,15601302.5,15945467.1
2027,Mondy Global,195143.8,199448.7
2027,National Refrigerants,12127686.5,12395223.2
2027,Nature Gas Import and Export,501855.1,512926.1
2027,North American Refrigerants,122398.2,125098.3
2027,O23 Energy Plus,122398.2,125098.3
2027,Perfect Score Too DBA Perfect Cycle,23179.8,23691.2
2027,Reclamation Technologies,365970.6,374043.9
2027,Resonac America,40662,0
2027,RMS of Georgia,1009127.6,1031388.9
2027,Sciarra Laboratories,5324.3,5441.8
2027,SDS Refrigerant Services,122398.2,125098.3
2027,Solvay Fluorides,675034.4,689925.6
2027,Summit Refrigerants,122398.2,125098.3
2027,SynAgile Corporation,688.6,703.8
2027,Technical Chemical,2091048.5,2137177
2027,TradeQuim,122398.2,125098.3
2027,Transocean Offshore Deepwater Drilling,10.3,10.5
2027,Tulstar Products,449495.3,459411.2
2027,Tyco Fire Products,122398.2,125098.3
2027,USSC Acquisition Corp,80446.8,82221.4
2027,Walmart,1396398.2,1427202.8
2027,Waysmos USA,343354.8,350929.2
2027,Wego Chemical Group,34628.2,35392.1
2027,Weitron,3880960.7,3966574.7
2027,Wesco HMB,122398.2,125098.3
2027,Wilhelmsen Ships Service,24732.3,25277.9
2027,Application-specific allowances,13839651.2,13837359.9
2027,Application-specific allowances: MDI set-aside,1000000,1000000
,,,
,,,
